goal,working_memory,correct_agent
Create a plan to launch the new music app,,epic_generator
Outline the roadmap for education MVP,,epic_generator
Create a plan to launch the new eCommerce app,,epic_generator
Outline the roadmap for travel MVP,,epic_generator
Create a plan to launch the new AI app,,epic_generator
Create a plan to launch the new education app,,epic_generator
Generate epics for travel product development,,epic_generator
Generate epics for logistics product development,,epic_generator
Outline the roadmap for retail MVP,,epic_generator
Generate epics for eCommerce product development,,epic_generator
Generate epics for eCommerce product development,,epic_generator
Generate epics for fitness product development,,epic_generator
Outline the roadmap for travel MVP,,epic_generator
Outline the roadmap for eCommerce MVP,,epic_generator
Create a plan to launch the new fitness app,,epic_generator
Create a plan to launch the new finance app,,epic_generator
Create a plan to launch the new travel app,,epic_generator
Create a plan to launch the new finance app,,epic_generator
Generate epics for AI product development,,epic_generator
Create a plan to launch the new logistics app,,epic_generator
Create a plan to launch the new logistics app,,epic_generator
Generate epics for logistics product development,,epic_generator
Generate epics for fitness product development,,epic_generator
Generate epics for fitness product development,,epic_generator
Generate epics for healthcare product development,,epic_generator
Create a plan to launch the new retail app,,epic_generator
Generate epics for fitness product development,,epic_generator
Create a plan to launch the new eCommerce app,,epic_generator
Outline the roadmap for fitness MVP,,epic_generator
Generate epics for education product development,,epic_generator
Create a plan to launch the new logistics app,,epic_generator
Create a plan to launch the new eCommerce app,,epic_generator
Outline the roadmap for retail MVP,,epic_generator
Create a plan to launch the new logistics app,,epic_generator
Outline the roadmap for travel MVP,,epic_generator
Outline the roadmap for music MVP,,epic_generator
Create a plan to launch the new music app,,epic_generator
Create a plan to launch the new healthcare app,,epic_generator
Create a plan to launch the new healthcare app,,epic_generator
Generate epics for travel product development,,epic_generator
Outline the roadmap for healthcare MVP,,epic_generator
Create a plan to launch the new logistics app,,epic_generator
Generate epics for education product development,,epic_generator
Create a plan to launch the new education app,,epic_generator
Outline the roadmap for music MVP,,epic_generator
Outline the roadmap for travel MVP,,epic_generator
Outline the roadmap for fitness MVP,,epic_generator
Generate epics for eCommerce product development,,epic_generator
Generate epics for eCommerce product development,,epic_generator
Generate epics for healthcare product development,,epic_generator
Generate epics for AI product development,,epic_generator
Generate epics for fitness product development,,epic_generator
Generate epics for logistics product development,,epic_generator
Generate epics for healthcare product development,,epic_generator
Generate epics for music product development,,epic_generator
Outline the roadmap for logistics MVP,,epic_generator
Create a plan to launch the new retail app,,epic_generator
Create a plan to launch the new retail app,,epic_generator
Generate epics for education product development,,epic_generator
Outline the roadmap for retail MVP,,epic_generator
Outline the roadmap for retail MVP,,epic_generator
Create a plan to launch the new finance app,,epic_generator
Generate epics for music product development,,epic_generator
Outline the roadmap for logistics MVP,,epic_generator
Create a plan to launch the new logistics app,,epic_generator
Outline the roadmap for finance MVP,,epic_generator
Generate epics for music product development,,epic_generator
Outline the roadmap for travel MVP,,epic_generator
Create a plan to launch the new travel app,,epic_generator
Create a plan to launch the new travel app,,epic_generator
Create a plan to launch the new logistics app,,epic_generator
Outline the roadmap for education MVP,,epic_generator
Create a plan to launch the new logistics app,,epic_generator
Outline the roadmap for AI MVP,,epic_generator
Create a plan to launch the new travel app,,epic_generator
Outline the roadmap for travel MVP,,epic_generator
Generate epics for healthcare product development,,epic_generator
Generate epics for music product development,,epic_generator
Create a plan to launch the new music app,,epic_generator
Generate epics for healthcare product development,,epic_generator
Create a plan to launch the new travel app,,epic_generator
Generate epics for fitness product development,,epic_generator
Outline the roadmap for fitness MVP,,epic_generator
Create a plan to launch the new education app,,epic_generator
Generate epics for eCommerce product development,,epic_generator
Generate epics for healthcare product development,,epic_generator
Outline the roadmap for eCommerce MVP,,epic_generator
Create a plan to launch the new fitness app,,epic_generator
Generate epics for finance product development,,epic_generator
Create a plan to launch the new travel app,,epic_generator
Outline the roadmap for fitness MVP,,epic_generator
Create a plan to launch the new travel app,,epic_generator
Generate epics for retail product development,,epic_generator
Create a plan to launch the new finance app,,epic_generator
Create a plan to launch the new AI app,,epic_generator
Outline the roadmap for eCommerce MVP,,epic_generator
Create a plan to launch the new AI app,,epic_generator
Create a plan to launch the new AI app,,epic_generator
Create a plan to launch the new retail app,,epic_generator
Outline the roadmap for healthcare MVP,,epic_generator
Create subtasks for education module,Epic: education platform development,ticket_splitter
Create subtasks for travel module,Epic: travel platform development,ticket_splitter
Split the healthcare project work into actionable tasks,Epic: healthcare platform development,ticket_splitter
Break down the epic for music into tickets,Epic: music platform development,ticket_splitter
Split the eCommerce project work into actionable tasks,Epic: eCommerce platform development,ticket_splitter
Split the AI project work into actionable tasks,Epic: AI platform development,ticket_splitter
Break down the epic for eCommerce into tickets,Epic: eCommerce platform development,ticket_splitter
Create subtasks for travel module,Epic: travel platform development,ticket_splitter
Create subtasks for education module,Epic: education platform development,ticket_splitter
Create subtasks for music module,Epic: music platform development,ticket_splitter
Split the travel project work into actionable tasks,Epic: travel platform development,ticket_splitter
Create subtasks for eCommerce module,Epic: eCommerce platform development,ticket_splitter
Split the education project work into actionable tasks,Epic: education platform development,ticket_splitter
Split the fitness project work into actionable tasks,Epic: fitness platform development,ticket_splitter
Create subtasks for retail module,Epic: retail platform development,ticket_splitter
Create subtasks for eCommerce module,Epic: eCommerce platform development,ticket_splitter
Create subtasks for retail module,Epic: retail platform development,ticket_splitter
Split the healthcare project work into actionable tasks,Epic: healthcare platform development,ticket_splitter
Break down the epic for finance into tickets,Epic: finance platform development,ticket_splitter
Split the travel project work into actionable tasks,Epic: travel platform development,ticket_splitter
Create subtasks for finance module,Epic: finance platform development,ticket_splitter
Break down the epic for finance into tickets,Epic: finance platform development,ticket_splitter
Split the logistics project work into actionable tasks,Epic: logistics platform development,ticket_splitter
Break down the epic for logistics into tickets,Epic: logistics platform development,ticket_splitter
Break down the epic for music into tickets,Epic: music platform development,ticket_splitter
Split the fitness project work into actionable tasks,Epic: fitness platform development,ticket_splitter
Split the eCommerce project work into actionable tasks,Epic: eCommerce platform development,ticket_splitter
Create subtasks for AI module,Epic: AI platform development,ticket_splitter
Create subtasks for logistics module,Epic: logistics platform development,ticket_splitter
Create subtasks for AI module,Epic: AI platform development,ticket_splitter
Create subtasks for music module,Epic: music platform development,ticket_splitter
Split the education project work into actionable tasks,Epic: education platform development,ticket_splitter
Create subtasks for music module,Epic: music platform development,ticket_splitter
Create subtasks for retail module,Epic: retail platform development,ticket_splitter
Break down the epic for music into tickets,Epic: music platform development,ticket_splitter
Split the retail project work into actionable tasks,Epic: retail platform development,ticket_splitter
Create subtasks for retail module,Epic: retail platform development,ticket_splitter
Split the music project work into actionable tasks,Epic: music platform development,ticket_splitter
Create subtasks for fitness module,Epic: fitness platform development,ticket_splitter
Create subtasks for healthcare module,Epic: healthcare platform development,ticket_splitter
Create subtasks for fitness module,Epic: fitness platform development,ticket_splitter
Create subtasks for music module,Epic: music platform development,ticket_splitter
Split the retail project work into actionable tasks,Epic: retail platform development,ticket_splitter
Break down the epic for retail into tickets,Epic: retail platform development,ticket_splitter
Create subtasks for travel module,Epic: travel platform development,ticket_splitter
Break down the epic for music into tickets,Epic: music platform development,ticket_splitter
Split the travel project work into actionable tasks,Epic: travel platform development,ticket_splitter
Split the fitness project work into actionable tasks,Epic: fitness platform development,ticket_splitter
Split the education project work into actionable tasks,Epic: education platform development,ticket_splitter
Split the fitness project work into actionable tasks,Epic: fitness platform development,ticket_splitter
Create subtasks for retail module,Epic: retail platform development,ticket_splitter
Split the retail project work into actionable tasks,Epic: retail platform development,ticket_splitter
Break down the epic for travel into tickets,Epic: travel platform development,ticket_splitter
Break down the epic for fitness into tickets,Epic: fitness platform development,ticket_splitter
Create subtasks for retail module,Epic: retail platform development,ticket_splitter
Create subtasks for education module,Epic: education platform development,ticket_splitter
Create subtasks for logistics module,Epic: logistics platform development,ticket_splitter
Break down the epic for travel into tickets,Epic: travel platform development,ticket_splitter
Break down the epic for education into tickets,Epic: education platform development,ticket_splitter
Create subtasks for healthcare module,Epic: healthcare platform development,ticket_splitter
Break down the epic for travel into tickets,Epic: travel platform development,ticket_splitter
Create subtasks for travel module,Epic: travel platform development,ticket_splitter
Break down the epic for logistics into tickets,Epic: logistics platform development,ticket_splitter
Break down the epic for eCommerce into tickets,Epic: eCommerce platform development,ticket_splitter
Break down the epic for travel into tickets,Epic: travel platform development,ticket_splitter
Split the eCommerce project work into actionable tasks,Epic: eCommerce platform development,ticket_splitter
Split the healthcare project work into actionable tasks,Epic: healthcare platform development,ticket_splitter
Break down the epic for eCommerce into tickets,Epic: eCommerce platform development,ticket_splitter
Break down the epic for AI into tickets,Epic: AI platform development,ticket_splitter
Split the education project work into actionable tasks,Epic: education platform development,ticket_splitter
Break down the epic for finance into tickets,Epic: finance platform development,ticket_splitter
Create subtasks for travel module,Epic: travel platform development,ticket_splitter
Split the logistics project work into actionable tasks,Epic: logistics platform development,ticket_splitter
Break down the epic for retail into tickets,Epic: retail platform development,ticket_splitter
Create subtasks for music module,Epic: music platform development,ticket_splitter
Break down the epic for music into tickets,Epic: music platform development,ticket_splitter
Split the education project work into actionable tasks,Epic: education platform development,ticket_splitter
Create subtasks for retail module,Epic: retail platform development,ticket_splitter
Break down the epic for logistics into tickets,Epic: logistics platform development,ticket_splitter
Create subtasks for music module,Epic: music platform development,ticket_splitter
Create subtasks for education module,Epic: education platform development,ticket_splitter
Split the travel project work into actionable tasks,Epic: travel platform development,ticket_splitter
Break down the epic for eCommerce into tickets,Epic: eCommerce platform development,ticket_splitter
Split the retail project work into actionable tasks,Epic: retail platform development,ticket_splitter
Break down the epic for finance into tickets,Epic: finance platform development,ticket_splitter
Break down the epic for finance into tickets,Epic: finance platform development,ticket_splitter
Create subtasks for logistics module,Epic: logistics platform development,ticket_splitter
Break down the epic for fitness into tickets,Epic: fitness platform development,ticket_splitter
Split the finance project work into actionable tasks,Epic: finance platform development,ticket_splitter
Create subtasks for travel module,Epic: travel platform development,ticket_splitter
Create subtasks for fitness module,Epic: fitness platform development,ticket_splitter
Split the logistics project work into actionable tasks,Epic: logistics platform development,ticket_splitter
Split the logistics project work into actionable tasks,Epic: logistics platform development,ticket_splitter
Break down the epic for eCommerce into tickets,Epic: eCommerce platform development,ticket_splitter
Break down the epic for AI into tickets,Epic: AI platform development,ticket_splitter
Create subtasks for education module,Epic: education platform development,ticket_splitter
Split the healthcare project work into actionable tasks,Epic: healthcare platform development,ticket_splitter
Create subtasks for fitness module,Epic: fitness platform development,ticket_splitter
Break down the epic for finance into tickets,Epic: finance platform development,ticket_splitter
Break down the epic for finance into tickets,Epic: finance platform development,ticket_splitter
Evaluate task importance in finance sprint,"Tasks: frontend, backend, testing for finance",priority_assessor
Evaluate task importance in eCommerce sprint,"Tasks: frontend, backend, testing for eCommerce",priority_assessor
Evaluate task importance in music sprint,"Tasks: frontend, backend, testing for music",priority_assessor
Assess urgency of new bugs in finance,"Tasks: frontend, backend, testing for finance",priority_assessor
Evaluate task importance in travel sprint,"Tasks: frontend, backend, testing for travel",priority_assessor
Assess urgency of new bugs in fitness,"Tasks: frontend, backend, testing for fitness",priority_assessor
Assess urgency of new bugs in travel,"Tasks: frontend, backend, testing for travel",priority_assessor
Prioritize all incoming tasks for healthcare,"Tasks: frontend, backend, testing for healthcare",priority_assessor
Assess urgency of new bugs in retail,"Tasks: frontend, backend, testing for retail",priority_assessor
Assess urgency of new bugs in travel,"Tasks: frontend, backend, testing for travel",priority_assessor
Evaluate task importance in healthcare sprint,"Tasks: frontend, backend, testing for healthcare",priority_assessor
Prioritize all incoming tasks for travel,"Tasks: frontend, backend, testing for travel",priority_assessor
Evaluate task importance in travel sprint,"Tasks: frontend, backend, testing for travel",priority_assessor
Evaluate task importance in finance sprint,"Tasks: frontend, backend, testing for finance",priority_assessor
Prioritize all incoming tasks for healthcare,"Tasks: frontend, backend, testing for healthcare",priority_assessor
Prioritize all incoming tasks for eCommerce,"Tasks: frontend, backend, testing for eCommerce",priority_assessor
Evaluate task importance in travel sprint,"Tasks: frontend, backend, testing for travel",priority_assessor
Assess urgency of new bugs in education,"Tasks: frontend, backend, testing for education",priority_assessor
Evaluate task importance in travel sprint,"Tasks: frontend, backend, testing for travel",priority_assessor
Prioritize all incoming tasks for AI,"Tasks: frontend, backend, testing for AI",priority_assessor
Prioritize all incoming tasks for logistics,"Tasks: frontend, backend, testing for logistics",priority_assessor
Prioritize all incoming tasks for logistics,"Tasks: frontend, backend, testing for logistics",priority_assessor
Evaluate task importance in logistics sprint,"Tasks: frontend, backend, testing for logistics",priority_assessor
Evaluate task importance in fitness sprint,"Tasks: frontend, backend, testing for fitness",priority_assessor
Evaluate task importance in eCommerce sprint,"Tasks: frontend, backend, testing for eCommerce",priority_assessor
Assess urgency of new bugs in healthcare,"Tasks: frontend, backend, testing for healthcare",priority_assessor
Prioritize all incoming tasks for travel,"Tasks: frontend, backend, testing for travel",priority_assessor
Evaluate task importance in finance sprint,"Tasks: frontend, backend, testing for finance",priority_assessor
Prioritize all incoming tasks for music,"Tasks: frontend, backend, testing for music",priority_assessor
Prioritize all incoming tasks for finance,"Tasks: frontend, backend, testing for finance",priority_assessor
Assess urgency of new bugs in finance,"Tasks: frontend, backend, testing for finance",priority_assessor
Prioritize all incoming tasks for retail,"Tasks: frontend, backend, testing for retail",priority_assessor
Evaluate task importance in music sprint,"Tasks: frontend, backend, testing for music",priority_assessor
Evaluate task importance in logistics sprint,"Tasks: frontend, backend, testing for logistics",priority_assessor
Evaluate task importance in education sprint,"Tasks: frontend, backend, testing for education",priority_assessor
Evaluate task importance in music sprint,"Tasks: frontend, backend, testing for music",priority_assessor
Prioritize all incoming tasks for eCommerce,"Tasks: frontend, backend, testing for eCommerce",priority_assessor
Assess urgency of new bugs in finance,"Tasks: frontend, backend, testing for finance",priority_assessor
Evaluate task importance in fitness sprint,"Tasks: frontend, backend, testing for fitness",priority_assessor
Assess urgency of new bugs in fitness,"Tasks: frontend, backend, testing for fitness",priority_assessor
Prioritize all incoming tasks for logistics,"Tasks: frontend, backend, testing for logistics",priority_assessor
Prioritize all incoming tasks for music,"Tasks: frontend, backend, testing for music",priority_assessor
Evaluate task importance in logistics sprint,"Tasks: frontend, backend, testing for logistics",priority_assessor
Evaluate task importance in AI sprint,"Tasks: frontend, backend, testing for AI",priority_assessor
Prioritize all incoming tasks for fitness,"Tasks: frontend, backend, testing for fitness",priority_assessor
Prioritize all incoming tasks for logistics,"Tasks: frontend, backend, testing for logistics",priority_assessor
Evaluate task importance in fitness sprint,"Tasks: frontend, backend, testing for fitness",priority_assessor
Assess urgency of new bugs in travel,"Tasks: frontend, backend, testing for travel",priority_assessor
Assess urgency of new bugs in retail,"Tasks: frontend, backend, testing for retail",priority_assessor
Evaluate task importance in AI sprint,"Tasks: frontend, backend, testing for AI",priority_assessor
Assess urgency of new bugs in retail,"Tasks: frontend, backend, testing for retail",priority_assessor
Assess urgency of new bugs in retail,"Tasks: frontend, backend, testing for retail",priority_assessor
Evaluate task importance in fitness sprint,"Tasks: frontend, backend, testing for fitness",priority_assessor
Assess urgency of new bugs in AI,"Tasks: frontend, backend, testing for AI",priority_assessor
Prioritize all incoming tasks for healthcare,"Tasks: frontend, backend, testing for healthcare",priority_assessor
Evaluate task importance in logistics sprint,"Tasks: frontend, backend, testing for logistics",priority_assessor
Prioritize all incoming tasks for retail,"Tasks: frontend, backend, testing for retail",priority_assessor
Prioritize all incoming tasks for AI,"Tasks: frontend, backend, testing for AI",priority_assessor
Assess urgency of new bugs in fitness,"Tasks: frontend, backend, testing for fitness",priority_assessor
Evaluate task importance in fitness sprint,"Tasks: frontend, backend, testing for fitness",priority_assessor
Assess urgency of new bugs in retail,"Tasks: frontend, backend, testing for retail",priority_assessor
Assess urgency of new bugs in eCommerce,"Tasks: frontend, backend, testing for eCommerce",priority_assessor
Evaluate task importance in eCommerce sprint,"Tasks: frontend, backend, testing for eCommerce",priority_assessor
Evaluate task importance in fitness sprint,"Tasks: frontend, backend, testing for fitness",priority_assessor
Evaluate task importance in logistics sprint,"Tasks: frontend, backend, testing for logistics",priority_assessor
Evaluate task importance in eCommerce sprint,"Tasks: frontend, backend, testing for eCommerce",priority_assessor
Assess urgency of new bugs in travel,"Tasks: frontend, backend, testing for travel",priority_assessor
Evaluate task importance in finance sprint,"Tasks: frontend, backend, testing for finance",priority_assessor
Assess urgency of new bugs in education,"Tasks: frontend, backend, testing for education",priority_assessor
Evaluate task importance in finance sprint,"Tasks: frontend, backend, testing for finance",priority_assessor
Prioritize all incoming tasks for logistics,"Tasks: frontend, backend, testing for logistics",priority_assessor
Assess urgency of new bugs in finance,"Tasks: frontend, backend, testing for finance",priority_assessor
Prioritize all incoming tasks for music,"Tasks: frontend, backend, testing for music",priority_assessor
Prioritize all incoming tasks for logistics,"Tasks: frontend, backend, testing for logistics",priority_assessor
Assess urgency of new bugs in travel,"Tasks: frontend, backend, testing for travel",priority_assessor
Prioritize all incoming tasks for AI,"Tasks: frontend, backend, testing for AI",priority_assessor
Prioritize all incoming tasks for education,"Tasks: frontend, backend, testing for education",priority_assessor
Evaluate task importance in education sprint,"Tasks: frontend, backend, testing for education",priority_assessor
Prioritize all incoming tasks for music,"Tasks: frontend, backend, testing for music",priority_assessor
Evaluate task importance in logistics sprint,"Tasks: frontend, backend, testing for logistics",priority_assessor
Assess urgency of new bugs in finance,"Tasks: frontend, backend, testing for finance",priority_assessor
Assess urgency of new bugs in logistics,"Tasks: frontend, backend, testing for logistics",priority_assessor
Evaluate task importance in music sprint,"Tasks: frontend, backend, testing for music",priority_assessor
Assess urgency of new bugs in music,"Tasks: frontend, backend, testing for music",priority_assessor
Assess urgency of new bugs in healthcare,"Tasks: frontend, backend, testing for healthcare",priority_assessor
Assess urgency of new bugs in finance,"Tasks: frontend, backend, testing for finance",priority_assessor
Prioritize all incoming tasks for logistics,"Tasks: frontend, backend, testing for logistics",priority_assessor
Evaluate task importance in travel sprint,"Tasks: frontend, backend, testing for travel",priority_assessor
Assess urgency of new bugs in logistics,"Tasks: frontend, backend, testing for logistics",priority_assessor
Prioritize all incoming tasks for education,"Tasks: frontend, backend, testing for education",priority_assessor
Prioritize all incoming tasks for music,"Tasks: frontend, backend, testing for music",priority_assessor
Prioritize all incoming tasks for education,"Tasks: frontend, backend, testing for education",priority_assessor
Assess urgency of new bugs in logistics,"Tasks: frontend, backend, testing for logistics",priority_assessor
Evaluate task importance in logistics sprint,"Tasks: frontend, backend, testing for logistics",priority_assessor
Prioritize all incoming tasks for education,"Tasks: frontend, backend, testing for education",priority_assessor
Assess urgency of new bugs in logistics,"Tasks: frontend, backend, testing for logistics",priority_assessor
Evaluate task importance in logistics sprint,"Tasks: frontend, backend, testing for logistics",priority_assessor
Evaluate task importance in education sprint,"Tasks: frontend, backend, testing for education",priority_assessor
Prioritize all incoming tasks for healthcare,"Tasks: frontend, backend, testing for healthcare",priority_assessor
Assess urgency of new bugs in AI,"Tasks: frontend, backend, testing for AI",priority_assessor
Suggest owners for music tickets,"Unassigned tasks: login, dashboard, API",assignee_recommender
Assign team members to open music tasks,"Unassigned tasks: login, dashboard, API",assignee_recommender
Distribute music sprint tickets among engineers,"Unassigned tasks: login, dashboard, API",assignee_recommender
Distribute finance sprint tickets among engineers,"Unassigned tasks: login, dashboard, API",assignee_recommender
Suggest owners for retail tickets,"Unassigned tasks: login, dashboard, API",assignee_recommender
Assign team members to open healthcare tasks,"Unassigned tasks: login, dashboard, API",assignee_recommender
Suggest owners for finance tickets,"Unassigned tasks: login, dashboard, API",assignee_recommender
Assign team members to open travel tasks,"Unassigned tasks: login, dashboard, API",assignee_recommender
Distribute education sprint tickets among engineers,"Unassigned tasks: login, dashboard, API",assignee_recommender
Distribute finance sprint tickets among engineers,"Unassigned tasks: login, dashboard, API",assignee_recommender
Suggest owners for finance tickets,"Unassigned tasks: login, dashboard, API",assignee_recommender
Distribute retail sprint tickets among engineers,"Unassigned tasks: login, dashboard, API",assignee_recommender
Distribute fitness sprint tickets among engineers,"Unassigned tasks: login, dashboard, API",assignee_recommender
Suggest owners for education tickets,"Unassigned tasks: login, dashboard, API",assignee_recommender
Distribute fitness sprint tickets among engineers,"Unassigned tasks: login, dashboard, API",assignee_recommender
Assign team members to open AI tasks,"Unassigned tasks: login, dashboard, API",assignee_recommender
Assign team members to open education tasks,"Unassigned tasks: login, dashboard, API",assignee_recommender
Distribute fitness sprint tickets among engineers,"Unassigned tasks: login, dashboard, API",assignee_recommender
Suggest owners for travel tickets,"Unassigned tasks: login, dashboard, API",assignee_recommender
Suggest owners for AI tickets,"Unassigned tasks: login, dashboard, API",assignee_recommender
Assign team members to open finance tasks,"Unassigned tasks: login, dashboard, API",assignee_recommender
Assign team members to open healthcare tasks,"Unassigned tasks: login, dashboard, API",assignee_recommender
Suggest owners for music tickets,"Unassigned tasks: login, dashboard, API",assignee_recommender
Distribute retail sprint tickets among engineers,"Unassigned tasks: login, dashboard, API",assignee_recommender
Suggest owners for AI tickets,"Unassigned tasks: login, dashboard, API",assignee_recommender
Assign team members to open finance tasks,"Unassigned tasks: login, dashboard, API",assignee_recommender
Distribute fitness sprint tickets among engineers,"Unassigned tasks: login, dashboard, API",assignee_recommender
Assign team members to open travel tasks,"Unassigned tasks: login, dashboard, API",assignee_recommender
Distribute retail sprint tickets among engineers,"Unassigned tasks: login, dashboard, API",assignee_recommender
Assign team members to open healthcare tasks,"Unassigned tasks: login, dashboard, API",assignee_recommender
Assign team members to open logistics tasks,"Unassigned tasks: login, dashboard, API",assignee_recommender
Distribute travel sprint tickets among engineers,"Unassigned tasks: login, dashboard, API",assignee_recommender
Suggest owners for fitness tickets,"Unassigned tasks: login, dashboard, API",assignee_recommender
Suggest owners for retail tickets,"Unassigned tasks: login, dashboard, API",assignee_recommender
Assign team members to open travel tasks,"Unassigned tasks: login, dashboard, API",assignee_recommender
Assign team members to open healthcare tasks,"Unassigned tasks: login, dashboard, API",assignee_recommender
Distribute education sprint tickets among engineers,"Unassigned tasks: login, dashboard, API",assignee_recommender
Distribute music sprint tickets among engineers,"Unassigned tasks: login, dashboard, API",assignee_recommender
Assign team members to open AI tasks,"Unassigned tasks: login, dashboard, API",assignee_recommender
Suggest owners for fitness tickets,"Unassigned tasks: login, dashboard, API",assignee_recommender
Assign team members to open travel tasks,"Unassigned tasks: login, dashboard, API",assignee_recommender
Distribute logistics sprint tickets among engineers,"Unassigned tasks: login, dashboard, API",assignee_recommender
Distribute finance sprint tickets among engineers,"Unassigned tasks: login, dashboard, API",assignee_recommender
Suggest owners for retail tickets,"Unassigned tasks: login, dashboard, API",assignee_recommender
Assign team members to open eCommerce tasks,"Unassigned tasks: login, dashboard, API",assignee_recommender
Suggest owners for AI tickets,"Unassigned tasks: login, dashboard, API",assignee_recommender
Distribute finance sprint tickets among engineers,"Unassigned tasks: login, dashboard, API",assignee_recommender
Distribute healthcare sprint tickets among engineers,"Unassigned tasks: login, dashboard, API",assignee_recommender
Assign team members to open healthcare tasks,"Unassigned tasks: login, dashboard, API",assignee_recommender
Suggest owners for finance tickets,"Unassigned tasks: login, dashboard, API",assignee_recommender
Distribute healthcare sprint tickets among engineers,"Unassigned tasks: login, dashboard, API",assignee_recommender
Suggest owners for AI tickets,"Unassigned tasks: login, dashboard, API",assignee_recommender
Distribute music sprint tickets among engineers,"Unassigned tasks: login, dashboard, API",assignee_recommender
Suggest owners for education tickets,"Unassigned tasks: login, dashboard, API",assignee_recommender
Assign team members to open travel tasks,"Unassigned tasks: login, dashboard, API",assignee_recommender
Assign team members to open AI tasks,"Unassigned tasks: login, dashboard, API",assignee_recommender
Distribute logistics sprint tickets among engineers,"Unassigned tasks: login, dashboard, API",assignee_recommender
Distribute retail sprint tickets among engineers,"Unassigned tasks: login, dashboard, API",assignee_recommender
Assign team members to open travel tasks,"Unassigned tasks: login, dashboard, API",assignee_recommender
Distribute music sprint tickets among engineers,"Unassigned tasks: login, dashboard, API",assignee_recommender
Suggest owners for education tickets,"Unassigned tasks: login, dashboard, API",assignee_recommender
Assign team members to open retail tasks,"Unassigned tasks: login, dashboard, API",assignee_recommender
Distribute eCommerce sprint tickets among engineers,"Unassigned tasks: login, dashboard, API",assignee_recommender
Assign team members to open education tasks,"Unassigned tasks: login, dashboard, API",assignee_recommender
Assign team members to open fitness tasks,"Unassigned tasks: login, dashboard, API",assignee_recommender
Distribute healthcare sprint tickets among engineers,"Unassigned tasks: login, dashboard, API",assignee_recommender
Assign team members to open eCommerce tasks,"Unassigned tasks: login, dashboard, API",assignee_recommender
Assign team members to open healthcare tasks,"Unassigned tasks: login, dashboard, API",assignee_recommender
Suggest owners for education tickets,"Unassigned tasks: login, dashboard, API",assignee_recommender
Assign team members to open travel tasks,"Unassigned tasks: login, dashboard, API",assignee_recommender
Assign team members to open retail tasks,"Unassigned tasks: login, dashboard, API",assignee_recommender
Assign team members to open logistics tasks,"Unassigned tasks: login, dashboard, API",assignee_recommender
Distribute healthcare sprint tickets among engineers,"Unassigned tasks: login, dashboard, API",assignee_recommender
Distribute retail sprint tickets among engineers,"Unassigned tasks: login, dashboard, API",assignee_recommender
Assign team members to open retail tasks,"Unassigned tasks: login, dashboard, API",assignee_recommender
Assign team members to open travel tasks,"Unassigned tasks: login, dashboard, API",assignee_recommender
Suggest owners for education tickets,"Unassigned tasks: login, dashboard, API",assignee_recommender
Suggest owners for finance tickets,"Unassigned tasks: login, dashboard, API",assignee_recommender
Assign team members to open eCommerce tasks,"Unassigned tasks: login, dashboard, API",assignee_recommender
Assign team members to open fitness tasks,"Unassigned tasks: login, dashboard, API",assignee_recommender
Assign team members to open travel tasks,"Unassigned tasks: login, dashboard, API",assignee_recommender
Distribute logistics sprint tickets among engineers,"Unassigned tasks: login, dashboard, API",assignee_recommender
Assign team members to open music tasks,"Unassigned tasks: login, dashboard, API",assignee_recommender
Suggest owners for travel tickets,"Unassigned tasks: login, dashboard, API",assignee_recommender
Assign team members to open logistics tasks,"Unassigned tasks: login, dashboard, API",assignee_recommender
Suggest owners for healthcare tickets,"Unassigned tasks: login, dashboard, API",assignee_recommender
Distribute retail sprint tickets among engineers,"Unassigned tasks: login, dashboard, API",assignee_recommender
Suggest owners for logistics tickets,"Unassigned tasks: login, dashboard, API",assignee_recommender
Assign team members to open travel tasks,"Unassigned tasks: login, dashboard, API",assignee_recommender
Assign team members to open logistics tasks,"Unassigned tasks: login, dashboard, API",assignee_recommender
Distribute eCommerce sprint tickets among engineers,"Unassigned tasks: login, dashboard, API",assignee_recommender
Assign team members to open education tasks,"Unassigned tasks: login, dashboard, API",assignee_recommender
Assign team members to open eCommerce tasks,"Unassigned tasks: login, dashboard, API",assignee_recommender
Distribute education sprint tickets among engineers,"Unassigned tasks: login, dashboard, API",assignee_recommender
Suggest owners for travel tickets,"Unassigned tasks: login, dashboard, API",assignee_recommender
Distribute logistics sprint tickets among engineers,"Unassigned tasks: login, dashboard, API",assignee_recommender
Suggest owners for music tickets,"Unassigned tasks: login, dashboard, API",assignee_recommender
Suggest owners for travel tickets,"Unassigned tasks: login, dashboard, API",assignee_recommender
Distribute healthcare sprint tickets among engineers,"Unassigned tasks: login, dashboard, API",assignee_recommender
Distribute retail sprint tickets among engineers,"Unassigned tasks: login, dashboard, API",assignee_recommender
Organize the backlog into Sprint 25,"Sprint 25: 5 tasks, 3 assignees",sprint_planner
Plan Sprint 15 for the healthcare project,"Sprint 15: 5 tasks, 3 assignees",sprint_planner
Organize the backlog into Sprint 15,"Sprint 15: 5 tasks, 3 assignees",sprint_planner
Plan Sprint 18 for the education project,"Sprint 18: 5 tasks, 3 assignees",sprint_planner
Allocate tasks to Sprint 12,"Sprint 12: 5 tasks, 3 assignees",sprint_planner
Plan Sprint 20 for the education project,"Sprint 20: 5 tasks, 3 assignees",sprint_planner
Organize the backlog into Sprint 25,"Sprint 25: 5 tasks, 3 assignees",sprint_planner
Allocate tasks to Sprint 17,"Sprint 17: 5 tasks, 3 assignees",sprint_planner
Allocate tasks to Sprint 14,"Sprint 14: 5 tasks, 3 assignees",sprint_planner
Plan Sprint 22 for the healthcare project,"Sprint 22: 5 tasks, 3 assignees",sprint_planner
Organize the backlog into Sprint 23,"Sprint 23: 5 tasks, 3 assignees",sprint_planner
Allocate tasks to Sprint 27,"Sprint 27: 5 tasks, 3 assignees",sprint_planner
Organize the backlog into Sprint 26,"Sprint 26: 5 tasks, 3 assignees",sprint_planner
Allocate tasks to Sprint 12,"Sprint 12: 5 tasks, 3 assignees",sprint_planner
Organize the backlog into Sprint 28,"Sprint 28: 5 tasks, 3 assignees",sprint_planner
Organize the backlog into Sprint 14,"Sprint 14: 5 tasks, 3 assignees",sprint_planner
Organize the backlog into Sprint 19,"Sprint 19: 5 tasks, 3 assignees",sprint_planner
Organize the backlog into Sprint 21,"Sprint 21: 5 tasks, 3 assignees",sprint_planner
Plan Sprint 18 for the healthcare project,"Sprint 18: 5 tasks, 3 assignees",sprint_planner
Organize the backlog into Sprint 16,"Sprint 16: 5 tasks, 3 assignees",sprint_planner
Allocate tasks to Sprint 17,"Sprint 17: 5 tasks, 3 assignees",sprint_planner
Plan Sprint 20 for the finance project,"Sprint 20: 5 tasks, 3 assignees",sprint_planner
Plan Sprint 14 for the music project,"Sprint 14: 5 tasks, 3 assignees",sprint_planner
Plan Sprint 25 for the fitness project,"Sprint 25: 5 tasks, 3 assignees",sprint_planner
Plan Sprint 27 for the retail project,"Sprint 27: 5 tasks, 3 assignees",sprint_planner
Allocate tasks to Sprint 16,"Sprint 16: 5 tasks, 3 assignees",sprint_planner
Organize the backlog into Sprint 28,"Sprint 28: 5 tasks, 3 assignees",sprint_planner
Plan Sprint 27 for the retail project,"Sprint 27: 5 tasks, 3 assignees",sprint_planner
Allocate tasks to Sprint 30,"Sprint 30: 5 tasks, 3 assignees",sprint_planner
Organize the backlog into Sprint 17,"Sprint 17: 5 tasks, 3 assignees",sprint_planner
Plan Sprint 27 for the fitness project,"Sprint 27: 5 tasks, 3 assignees",sprint_planner
Allocate tasks to Sprint 23,"Sprint 23: 5 tasks, 3 assignees",sprint_planner
Organize the backlog into Sprint 11,"Sprint 11: 5 tasks, 3 assignees",sprint_planner
Allocate tasks to Sprint 15,"Sprint 15: 5 tasks, 3 assignees",sprint_planner
Plan Sprint 25 for the travel project,"Sprint 25: 5 tasks, 3 assignees",sprint_planner
Organize the backlog into Sprint 20,"Sprint 20: 5 tasks, 3 assignees",sprint_planner
Organize the backlog into Sprint 24,"Sprint 24: 5 tasks, 3 assignees",sprint_planner
Plan Sprint 22 for the fitness project,"Sprint 22: 5 tasks, 3 assignees",sprint_planner
Organize the backlog into Sprint 28,"Sprint 28: 5 tasks, 3 assignees",sprint_planner
Allocate tasks to Sprint 17,"Sprint 17: 5 tasks, 3 assignees",sprint_planner
Organize the backlog into Sprint 17,"Sprint 17: 5 tasks, 3 assignees",sprint_planner
Organize the backlog into Sprint 30,"Sprint 30: 5 tasks, 3 assignees",sprint_planner
Organize the backlog into Sprint 12,"Sprint 12: 5 tasks, 3 assignees",sprint_planner
Organize the backlog into Sprint 26,"Sprint 26: 5 tasks, 3 assignees",sprint_planner
Allocate tasks to Sprint 18,"Sprint 18: 5 tasks, 3 assignees",sprint_planner
Allocate tasks to Sprint 28,"Sprint 28: 5 tasks, 3 assignees",sprint_planner
Organize the backlog into Sprint 10,"Sprint 10: 5 tasks, 3 assignees",sprint_planner
Organize the backlog into Sprint 14,"Sprint 14: 5 tasks, 3 assignees",sprint_planner
Plan Sprint 16 for the retail project,"Sprint 16: 5 tasks, 3 assignees",sprint_planner
Allocate tasks to Sprint 22,"Sprint 22: 5 tasks, 3 assignees",sprint_planner
Plan Sprint 12 for the fitness project,"Sprint 12: 5 tasks, 3 assignees",sprint_planner
Organize the backlog into Sprint 21,"Sprint 21: 5 tasks, 3 assignees",sprint_planner
Organize the backlog into Sprint 25,"Sprint 25: 5 tasks, 3 assignees",sprint_planner
Organize the backlog into Sprint 28,"Sprint 28: 5 tasks, 3 assignees",sprint_planner
Allocate tasks to Sprint 25,"Sprint 25: 5 tasks, 3 assignees",sprint_planner
Allocate tasks to Sprint 24,"Sprint 24: 5 tasks, 3 assignees",sprint_planner
Plan Sprint 19 for the retail project,"Sprint 19: 5 tasks, 3 assignees",sprint_planner
Plan Sprint 30 for the AI project,"Sprint 30: 5 tasks, 3 assignees",sprint_planner
Allocate tasks to Sprint 12,"Sprint 12: 5 tasks, 3 assignees",sprint_planner
Allocate tasks to Sprint 10,"Sprint 10: 5 tasks, 3 assignees",sprint_planner
Organize the backlog into Sprint 16,"Sprint 16: 5 tasks, 3 assignees",sprint_planner
Organize the backlog into Sprint 25,"Sprint 25: 5 tasks, 3 assignees",sprint_planner
Allocate tasks to Sprint 24,"Sprint 24: 5 tasks, 3 assignees",sprint_planner
Plan Sprint 12 for the retail project,"Sprint 12: 5 tasks, 3 assignees",sprint_planner
Allocate tasks to Sprint 20,"Sprint 20: 5 tasks, 3 assignees",sprint_planner
Plan Sprint 15 for the logistics project,"Sprint 15: 5 tasks, 3 assignees",sprint_planner
Organize the backlog into Sprint 30,"Sprint 30: 5 tasks, 3 assignees",sprint_planner
Organize the backlog into Sprint 16,"Sprint 16: 5 tasks, 3 assignees",sprint_planner
Organize the backlog into Sprint 17,"Sprint 17: 5 tasks, 3 assignees",sprint_planner
Allocate tasks to Sprint 28,"Sprint 28: 5 tasks, 3 assignees",sprint_planner
Plan Sprint 22 for the travel project,"Sprint 22: 5 tasks, 3 assignees",sprint_planner
Allocate tasks to Sprint 12,"Sprint 12: 5 tasks, 3 assignees",sprint_planner
Plan Sprint 25 for the finance project,"Sprint 25: 5 tasks, 3 assignees",sprint_planner
Plan Sprint 20 for the finance project,"Sprint 20: 5 tasks, 3 assignees",sprint_planner
Plan Sprint 14 for the fitness project,"Sprint 14: 5 tasks, 3 assignees",sprint_planner
Organize the backlog into Sprint 17,"Sprint 17: 5 tasks, 3 assignees",sprint_planner
Plan Sprint 19 for the AI project,"Sprint 19: 5 tasks, 3 assignees",sprint_planner
Organize the backlog into Sprint 26,"Sprint 26: 5 tasks, 3 assignees",sprint_planner
Organize the backlog into Sprint 30,"Sprint 30: 5 tasks, 3 assignees",sprint_planner
Plan Sprint 14 for the finance project,"Sprint 14: 5 tasks, 3 assignees",sprint_planner
Organize the backlog into Sprint 13,"Sprint 13: 5 tasks, 3 assignees",sprint_planner
Plan Sprint 18 for the travel project,"Sprint 18: 5 tasks, 3 assignees",sprint_planner
Plan Sprint 21 for the AI project,"Sprint 21: 5 tasks, 3 assignees",sprint_planner
Allocate tasks to Sprint 18,"Sprint 18: 5 tasks, 3 assignees",sprint_planner
Organize the backlog into Sprint 30,"Sprint 30: 5 tasks, 3 assignees",sprint_planner
Plan Sprint 19 for the AI project,"Sprint 19: 5 tasks, 3 assignees",sprint_planner
Organize the backlog into Sprint 21,"Sprint 21: 5 tasks, 3 assignees",sprint_planner
Allocate tasks to Sprint 16,"Sprint 16: 5 tasks, 3 assignees",sprint_planner
Allocate tasks to Sprint 21,"Sprint 21: 5 tasks, 3 assignees",sprint_planner
Allocate tasks to Sprint 17,"Sprint 17: 5 tasks, 3 assignees",sprint_planner
Plan Sprint 15 for the fitness project,"Sprint 15: 5 tasks, 3 assignees",sprint_planner
Plan Sprint 17 for the fitness project,"Sprint 17: 5 tasks, 3 assignees",sprint_planner
Organize the backlog into Sprint 30,"Sprint 30: 5 tasks, 3 assignees",sprint_planner
Plan Sprint 29 for the finance project,"Sprint 29: 5 tasks, 3 assignees",sprint_planner
Organize the backlog into Sprint 20,"Sprint 20: 5 tasks, 3 assignees",sprint_planner
Allocate tasks to Sprint 13,"Sprint 13: 5 tasks, 3 assignees",sprint_planner
Organize the backlog into Sprint 11,"Sprint 11: 5 tasks, 3 assignees",sprint_planner
Plan Sprint 28 for the fitness project,"Sprint 28: 5 tasks, 3 assignees",sprint_planner
Allocate tasks to Sprint 21,"Sprint 21: 5 tasks, 3 assignees",sprint_planner
Organize the backlog into Sprint 30,"Sprint 30: 5 tasks, 3 assignees",sprint_planner
Identify blockers in Sprint 29,Backend blocked by auth service for retail,dependency_mapper
Analyze dependencies in finance implementation,Backend blocked by auth service for finance,dependency_mapper
Identify blockers in Sprint 20,Backend blocked by auth service for travel,dependency_mapper
Analyze dependencies in healthcare implementation,Backend blocked by auth service for healthcare,dependency_mapper
Analyze dependencies in music implementation,Backend blocked by auth service for music,dependency_mapper
Analyze dependencies in music implementation,Backend blocked by auth service for music,dependency_mapper
Analyze dependencies in eCommerce implementation,Backend blocked by auth service for eCommerce,dependency_mapper
Analyze dependencies in eCommerce implementation,Backend blocked by auth service for eCommerce,dependency_mapper
Identify blockers in Sprint 18,Backend blocked by auth service for finance,dependency_mapper
Analyze dependencies in travel implementation,Backend blocked by auth service for travel,dependency_mapper
Analyze dependencies in healthcare implementation,Backend blocked by auth service for healthcare,dependency_mapper
Identify blockers in Sprint 29,Backend blocked by auth service for logistics,dependency_mapper
Identify blockers in Sprint 11,Backend blocked by auth service for eCommerce,dependency_mapper
Identify blockers in Sprint 23,Backend blocked by auth service for finance,dependency_mapper
Identify blockers in Sprint 23,Backend blocked by auth service for eCommerce,dependency_mapper
Identify blockers in Sprint 10,Backend blocked by auth service for eCommerce,dependency_mapper
Identify blockers in Sprint 16,Backend blocked by auth service for travel,dependency_mapper
Detect dependencies across finance tickets,Backend blocked by auth service for finance,dependency_mapper
Detect dependencies across AI tickets,Backend blocked by auth service for AI,dependency_mapper
Analyze dependencies in eCommerce implementation,Backend blocked by auth service for eCommerce,dependency_mapper
Detect dependencies across travel tickets,Backend blocked by auth service for travel,dependency_mapper
Identify blockers in Sprint 12,Backend blocked by auth service for logistics,dependency_mapper
Analyze dependencies in fitness implementation,Backend blocked by auth service for fitness,dependency_mapper
Identify blockers in Sprint 16,Backend blocked by auth service for finance,dependency_mapper
Analyze dependencies in travel implementation,Backend blocked by auth service for travel,dependency_mapper
Identify blockers in Sprint 19,Backend blocked by auth service for finance,dependency_mapper
Analyze dependencies in retail implementation,Backend blocked by auth service for retail,dependency_mapper
Identify blockers in Sprint 13,Backend blocked by auth service for healthcare,dependency_mapper
Detect dependencies across logistics tickets,Backend blocked by auth service for logistics,dependency_mapper
Detect dependencies across music tickets,Backend blocked by auth service for music,dependency_mapper
Detect dependencies across eCommerce tickets,Backend blocked by auth service for eCommerce,dependency_mapper
Analyze dependencies in travel implementation,Backend blocked by auth service for travel,dependency_mapper
Identify blockers in Sprint 22,Backend blocked by auth service for travel,dependency_mapper
Detect dependencies across music tickets,Backend blocked by auth service for music,dependency_mapper
Detect dependencies across fitness tickets,Backend blocked by auth service for fitness,dependency_mapper
Detect dependencies across travel tickets,Backend blocked by auth service for travel,dependency_mapper
Analyze dependencies in retail implementation,Backend blocked by auth service for retail,dependency_mapper
Identify blockers in Sprint 23,Backend blocked by auth service for finance,dependency_mapper
Identify blockers in Sprint 30,Backend blocked by auth service for finance,dependency_mapper
Detect dependencies across finance tickets,Backend blocked by auth service for finance,dependency_mapper
Detect dependencies across travel tickets,Backend blocked by auth service for travel,dependency_mapper
Identify blockers in Sprint 29,Backend blocked by auth service for retail,dependency_mapper
Detect dependencies across eCommerce tickets,Backend blocked by auth service for eCommerce,dependency_mapper
Detect dependencies across music tickets,Backend blocked by auth service for music,dependency_mapper
Analyze dependencies in logistics implementation,Backend blocked by auth service for logistics,dependency_mapper
Identify blockers in Sprint 14,Backend blocked by auth service for AI,dependency_mapper
Identify blockers in Sprint 21,Backend blocked by auth service for travel,dependency_mapper
Analyze dependencies in education implementation,Backend blocked by auth service for education,dependency_mapper
Detect dependencies across logistics tickets,Backend blocked by auth service for logistics,dependency_mapper
Analyze dependencies in retail implementation,Backend blocked by auth service for retail,dependency_mapper
Identify blockers in Sprint 27,Backend blocked by auth service for education,dependency_mapper
Detect dependencies across travel tickets,Backend blocked by auth service for travel,dependency_mapper
Identify blockers in Sprint 16,Backend blocked by auth service for finance,dependency_mapper
Analyze dependencies in fitness implementation,Backend blocked by auth service for fitness,dependency_mapper
Detect dependencies across retail tickets,Backend blocked by auth service for retail,dependency_mapper
Detect dependencies across travel tickets,Backend blocked by auth service for travel,dependency_mapper
Analyze dependencies in music implementation,Backend blocked by auth service for music,dependency_mapper
Identify blockers in Sprint 24,Backend blocked by auth service for healthcare,dependency_mapper
Detect dependencies across fitness tickets,Backend blocked by auth service for fitness,dependency_mapper
Identify blockers in Sprint 14,Backend blocked by auth service for music,dependency_mapper
Detect dependencies across education tickets,Backend blocked by auth service for education,dependency_mapper
Detect dependencies across travel tickets,Backend blocked by auth service for travel,dependency_mapper
Analyze dependencies in retail implementation,Backend blocked by auth service for retail,dependency_mapper
Analyze dependencies in logistics implementation,Backend blocked by auth service for logistics,dependency_mapper
Identify blockers in Sprint 30,Backend blocked by auth service for music,dependency_mapper
Analyze dependencies in fitness implementation,Backend blocked by auth service for fitness,dependency_mapper
Detect dependencies across retail tickets,Backend blocked by auth service for retail,dependency_mapper
Analyze dependencies in eCommerce implementation,Backend blocked by auth service for eCommerce,dependency_mapper
Detect dependencies across music tickets,Backend blocked by auth service for music,dependency_mapper
Identify blockers in Sprint 24,Backend blocked by auth service for travel,dependency_mapper
Detect dependencies across music tickets,Backend blocked by auth service for music,dependency_mapper
Detect dependencies across healthcare tickets,Backend blocked by auth service for healthcare,dependency_mapper
Identify blockers in Sprint 20,Backend blocked by auth service for education,dependency_mapper
Detect dependencies across healthcare tickets,Backend blocked by auth service for healthcare,dependency_mapper
Detect dependencies across music tickets,Backend blocked by auth service for music,dependency_mapper
Detect dependencies across travel tickets,Backend blocked by auth service for travel,dependency_mapper
Detect dependencies across AI tickets,Backend blocked by auth service for AI,dependency_mapper
Detect dependencies across education tickets,Backend blocked by auth service for education,dependency_mapper
Analyze dependencies in logistics implementation,Backend blocked by auth service for logistics,dependency_mapper
Analyze dependencies in healthcare implementation,Backend blocked by auth service for healthcare,dependency_mapper
Analyze dependencies in fitness implementation,Backend blocked by auth service for fitness,dependency_mapper
Analyze dependencies in logistics implementation,Backend blocked by auth service for logistics,dependency_mapper
Analyze dependencies in retail implementation,Backend blocked by auth service for retail,dependency_mapper
Identify blockers in Sprint 10,Backend blocked by auth service for finance,dependency_mapper
Identify blockers in Sprint 26,Backend blocked by auth service for logistics,dependency_mapper
Identify blockers in Sprint 22,Backend blocked by auth service for AI,dependency_mapper
Identify blockers in Sprint 21,Backend blocked by auth service for retail,dependency_mapper
Identify blockers in Sprint 20,Backend blocked by auth service for education,dependency_mapper
Identify blockers in Sprint 17,Backend blocked by auth service for fitness,dependency_mapper
Analyze dependencies in fitness implementation,Backend blocked by auth service for fitness,dependency_mapper
Detect dependencies across music tickets,Backend blocked by auth service for music,dependency_mapper
Analyze dependencies in logistics implementation,Backend blocked by auth service for logistics,dependency_mapper
Detect dependencies across AI tickets,Backend blocked by auth service for AI,dependency_mapper
Detect dependencies across fitness tickets,Backend blocked by auth service for fitness,dependency_mapper
Analyze dependencies in logistics implementation,Backend blocked by auth service for logistics,dependency_mapper
Analyze dependencies in travel implementation,Backend blocked by auth service for travel,dependency_mapper
Analyze dependencies in AI implementation,Backend blocked by auth service for AI,dependency_mapper
Detect dependencies across logistics tickets,Backend blocked by auth service for logistics,dependency_mapper
Detect dependencies across healthcare tickets,Backend blocked by auth service for healthcare,dependency_mapper
Analyze dependencies in fitness implementation,Backend blocked by auth service for fitness,dependency_mapper
Update statuses for tasks discussed in standup,"Meeting notes: login done, QA started",status_updater
Update statuses for tasks discussed in standup,"Meeting notes: login done, QA started",status_updater
Reflect completed work in ticket status,"Meeting notes: login done, QA started",status_updater
Update statuses for tasks discussed in standup,"Meeting notes: login done, QA started",status_updater
Reflect completed work in ticket status,"Meeting notes: login done, QA started",status_updater
Update statuses for tasks discussed in standup,"Meeting notes: login done, QA started",status_updater
Sync ticket statuses after daily sync,"Meeting notes: login done, QA started",status_updater
Reflect completed work in ticket status,"Meeting notes: login done, QA started",status_updater
Update statuses for tasks discussed in standup,"Meeting notes: login done, QA started",status_updater
Sync ticket statuses after daily sync,"Meeting notes: login done, QA started",status_updater
Update statuses for tasks discussed in standup,"Meeting notes: login done, QA started",status_updater
Update statuses for tasks discussed in standup,"Meeting notes: login done, QA started",status_updater
Sync ticket statuses after daily sync,"Meeting notes: login done, QA started",status_updater
Sync ticket statuses after daily sync,"Meeting notes: login done, QA started",status_updater
Update statuses for tasks discussed in standup,"Meeting notes: login done, QA started",status_updater
Sync ticket statuses after daily sync,"Meeting notes: login done, QA started",status_updater
Update statuses for tasks discussed in standup,"Meeting notes: login done, QA started",status_updater
Sync ticket statuses after daily sync,"Meeting notes: login done, QA started",status_updater
Reflect completed work in ticket status,"Meeting notes: login done, QA started",status_updater
Sync ticket statuses after daily sync,"Meeting notes: login done, QA started",status_updater
Sync ticket statuses after daily sync,"Meeting notes: login done, QA started",status_updater
Update statuses for tasks discussed in standup,"Meeting notes: login done, QA started",status_updater
Update statuses for tasks discussed in standup,"Meeting notes: login done, QA started",status_updater
Reflect completed work in ticket status,"Meeting notes: login done, QA started",status_updater
Update statuses for tasks discussed in standup,"Meeting notes: login done, QA started",status_updater
Update statuses for tasks discussed in standup,"Meeting notes: login done, QA started",status_updater
Sync ticket statuses after daily sync,"Meeting notes: login done, QA started",status_updater
Sync ticket statuses after daily sync,"Meeting notes: login done, QA started",status_updater
Sync ticket statuses after daily sync,"Meeting notes: login done, QA started",status_updater
Reflect completed work in ticket status,"Meeting notes: login done, QA started",status_updater
Update statuses for tasks discussed in standup,"Meeting notes: login done, QA started",status_updater
Sync ticket statuses after daily sync,"Meeting notes: login done, QA started",status_updater
Sync ticket statuses after daily sync,"Meeting notes: login done, QA started",status_updater
Update statuses for tasks discussed in standup,"Meeting notes: login done, QA started",status_updater
Update statuses for tasks discussed in standup,"Meeting notes: login done, QA started",status_updater
Update statuses for tasks discussed in standup,"Meeting notes: login done, QA started",status_updater
Update statuses for tasks discussed in standup,"Meeting notes: login done, QA started",status_updater
Sync ticket statuses after daily sync,"Meeting notes: login done, QA started",status_updater
Sync ticket statuses after daily sync,"Meeting notes: login done, QA started",status_updater
Reflect completed work in ticket status,"Meeting notes: login done, QA started",status_updater
Sync ticket statuses after daily sync,"Meeting notes: login done, QA started",status_updater
Reflect completed work in ticket status,"Meeting notes: login done, QA started",status_updater
Sync ticket statuses after daily sync,"Meeting notes: login done, QA started",status_updater
Update statuses for tasks discussed in standup,"Meeting notes: login done, QA started",status_updater
Sync ticket statuses after daily sync,"Meeting notes: login done, QA started",status_updater
Sync ticket statuses after daily sync,"Meeting notes: login done, QA started",status_updater
Reflect completed work in ticket status,"Meeting notes: login done, QA started",status_updater
Reflect completed work in ticket status,"Meeting notes: login done, QA started",status_updater
Sync ticket statuses after daily sync,"Meeting notes: login done, QA started",status_updater
Sync ticket statuses after daily sync,"Meeting notes: login done, QA started",status_updater
Update statuses for tasks discussed in standup,"Meeting notes: login done, QA started",status_updater
Update statuses for tasks discussed in standup,"Meeting notes: login done, QA started",status_updater
Reflect completed work in ticket status,"Meeting notes: login done, QA started",status_updater
Update statuses for tasks discussed in standup,"Meeting notes: login done, QA started",status_updater
Sync ticket statuses after daily sync,"Meeting notes: login done, QA started",status_updater
Sync ticket statuses after daily sync,"Meeting notes: login done, QA started",status_updater
Sync ticket statuses after daily sync,"Meeting notes: login done, QA started",status_updater
Update statuses for tasks discussed in standup,"Meeting notes: login done, QA started",status_updater
Sync ticket statuses after daily sync,"Meeting notes: login done, QA started",status_updater
Update statuses for tasks discussed in standup,"Meeting notes: login done, QA started",status_updater
Sync ticket statuses after daily sync,"Meeting notes: login done, QA started",status_updater
Sync ticket statuses after daily sync,"Meeting notes: login done, QA started",status_updater
Reflect completed work in ticket status,"Meeting notes: login done, QA started",status_updater
Update statuses for tasks discussed in standup,"Meeting notes: login done, QA started",status_updater
Sync ticket statuses after daily sync,"Meeting notes: login done, QA started",status_updater
Sync ticket statuses after daily sync,"Meeting notes: login done, QA started",status_updater
Update statuses for tasks discussed in standup,"Meeting notes: login done, QA started",status_updater
Sync ticket statuses after daily sync,"Meeting notes: login done, QA started",status_updater
Update statuses for tasks discussed in standup,"Meeting notes: login done, QA started",status_updater
Update statuses for tasks discussed in standup,"Meeting notes: login done, QA started",status_updater
Sync ticket statuses after daily sync,"Meeting notes: login done, QA started",status_updater
Update statuses for tasks discussed in standup,"Meeting notes: login done, QA started",status_updater
Sync ticket statuses after daily sync,"Meeting notes: login done, QA started",status_updater
Reflect completed work in ticket status,"Meeting notes: login done, QA started",status_updater
Reflect completed work in ticket status,"Meeting notes: login done, QA started",status_updater
Update statuses for tasks discussed in standup,"Meeting notes: login done, QA started",status_updater
Update statuses for tasks discussed in standup,"Meeting notes: login done, QA started",status_updater
Sync ticket statuses after daily sync,"Meeting notes: login done, QA started",status_updater
Update statuses for tasks discussed in standup,"Meeting notes: login done, QA started",status_updater
Sync ticket statuses after daily sync,"Meeting notes: login done, QA started",status_updater
Sync ticket statuses after daily sync,"Meeting notes: login done, QA started",status_updater
Sync ticket statuses after daily sync,"Meeting notes: login done, QA started",status_updater
Sync ticket statuses after daily sync,"Meeting notes: login done, QA started",status_updater
Sync ticket statuses after daily sync,"Meeting notes: login done, QA started",status_updater
Reflect completed work in ticket status,"Meeting notes: login done, QA started",status_updater
Sync ticket statuses after daily sync,"Meeting notes: login done, QA started",status_updater
Update statuses for tasks discussed in standup,"Meeting notes: login done, QA started",status_updater
Reflect completed work in ticket status,"Meeting notes: login done, QA started",status_updater
Reflect completed work in ticket status,"Meeting notes: login done, QA started",status_updater
Update statuses for tasks discussed in standup,"Meeting notes: login done, QA started",status_updater
Reflect completed work in ticket status,"Meeting notes: login done, QA started",status_updater
Reflect completed work in ticket status,"Meeting notes: login done, QA started",status_updater
Update statuses for tasks discussed in standup,"Meeting notes: login done, QA started",status_updater
Reflect completed work in ticket status,"Meeting notes: login done, QA started",status_updater
Reflect completed work in ticket status,"Meeting notes: login done, QA started",status_updater
Reflect completed work in ticket status,"Meeting notes: login done, QA started",status_updater
Reflect completed work in ticket status,"Meeting notes: login done, QA started",status_updater
Reflect completed work in ticket status,"Meeting notes: login done, QA started",status_updater
Update statuses for tasks discussed in standup,"Meeting notes: login done, QA started",status_updater
Update statuses for tasks discussed in standup,"Meeting notes: login done, QA started",status_updater
Pull Jira status for ongoing tasks,Syncing status with Jira for healthcare,jira_sync_agent
Push updates from local board to Jira,Syncing status with Jira for education,jira_sync_agent
Sync current task board with Jira,Syncing status with Jira for fitness,jira_sync_agent
Sync current task board with Jira,Syncing status with Jira for finance,jira_sync_agent
Pull Jira status for ongoing tasks,Syncing status with Jira for finance,jira_sync_agent
Sync current task board with Jira,Syncing status with Jira for travel,jira_sync_agent
Push updates from local board to Jira,Syncing status with Jira for eCommerce,jira_sync_agent
Push updates from local board to Jira,Syncing status with Jira for healthcare,jira_sync_agent
Sync current task board with Jira,Syncing status with Jira for eCommerce,jira_sync_agent
Push updates from local board to Jira,Syncing status with Jira for healthcare,jira_sync_agent
Push updates from local board to Jira,Syncing status with Jira for retail,jira_sync_agent
Pull Jira status for ongoing tasks,Syncing status with Jira for education,jira_sync_agent
Push updates from local board to Jira,Syncing status with Jira for education,jira_sync_agent
Pull Jira status for ongoing tasks,Syncing status with Jira for eCommerce,jira_sync_agent
Push updates from local board to Jira,Syncing status with Jira for finance,jira_sync_agent
Push updates from local board to Jira,Syncing status with Jira for retail,jira_sync_agent
Push updates from local board to Jira,Syncing status with Jira for travel,jira_sync_agent
Sync current task board with Jira,Syncing status with Jira for eCommerce,jira_sync_agent
Pull Jira status for ongoing tasks,Syncing status with Jira for eCommerce,jira_sync_agent
Pull Jira status for ongoing tasks,Syncing status with Jira for music,jira_sync_agent
Pull Jira status for ongoing tasks,Syncing status with Jira for travel,jira_sync_agent
Pull Jira status for ongoing tasks,Syncing status with Jira for AI,jira_sync_agent
Sync current task board with Jira,Syncing status with Jira for fitness,jira_sync_agent
Pull Jira status for ongoing tasks,Syncing status with Jira for retail,jira_sync_agent
Push updates from local board to Jira,Syncing status with Jira for AI,jira_sync_agent
Pull Jira status for ongoing tasks,Syncing status with Jira for eCommerce,jira_sync_agent
Sync current task board with Jira,Syncing status with Jira for healthcare,jira_sync_agent
Pull Jira status for ongoing tasks,Syncing status with Jira for education,jira_sync_agent
Push updates from local board to Jira,Syncing status with Jira for logistics,jira_sync_agent
Sync current task board with Jira,Syncing status with Jira for fitness,jira_sync_agent
Sync current task board with Jira,Syncing status with Jira for healthcare,jira_sync_agent
Sync current task board with Jira,Syncing status with Jira for logistics,jira_sync_agent
Pull Jira status for ongoing tasks,Syncing status with Jira for finance,jira_sync_agent
Sync current task board with Jira,Syncing status with Jira for AI,jira_sync_agent
Pull Jira status for ongoing tasks,Syncing status with Jira for travel,jira_sync_agent
Pull Jira status for ongoing tasks,Syncing status with Jira for eCommerce,jira_sync_agent
Push updates from local board to Jira,Syncing status with Jira for AI,jira_sync_agent
Pull Jira status for ongoing tasks,Syncing status with Jira for travel,jira_sync_agent
Sync current task board with Jira,Syncing status with Jira for fitness,jira_sync_agent
Pull Jira status for ongoing tasks,Syncing status with Jira for travel,jira_sync_agent
Push updates from local board to Jira,Syncing status with Jira for music,jira_sync_agent
Pull Jira status for ongoing tasks,Syncing status with Jira for logistics,jira_sync_agent
Push updates from local board to Jira,Syncing status with Jira for healthcare,jira_sync_agent
Push updates from local board to Jira,Syncing status with Jira for logistics,jira_sync_agent
Push updates from local board to Jira,Syncing status with Jira for music,jira_sync_agent
Sync current task board with Jira,Syncing status with Jira for fitness,jira_sync_agent
Push updates from local board to Jira,Syncing status with Jira for AI,jira_sync_agent
Pull Jira status for ongoing tasks,Syncing status with Jira for education,jira_sync_agent
Pull Jira status for ongoing tasks,Syncing status with Jira for AI,jira_sync_agent
Push updates from local board to Jira,Syncing status with Jira for eCommerce,jira_sync_agent
Sync current task board with Jira,Syncing status with Jira for fitness,jira_sync_agent
Sync current task board with Jira,Syncing status with Jira for music,jira_sync_agent
Push updates from local board to Jira,Syncing status with Jira for eCommerce,jira_sync_agent
Pull Jira status for ongoing tasks,Syncing status with Jira for music,jira_sync_agent
Pull Jira status for ongoing tasks,Syncing status with Jira for healthcare,jira_sync_agent
Sync current task board with Jira,Syncing status with Jira for AI,jira_sync_agent
Push updates from local board to Jira,Syncing status with Jira for logistics,jira_sync_agent
Pull Jira status for ongoing tasks,Syncing status with Jira for retail,jira_sync_agent
Sync current task board with Jira,Syncing status with Jira for logistics,jira_sync_agent
Push updates from local board to Jira,Syncing status with Jira for finance,jira_sync_agent
Push updates from local board to Jira,Syncing status with Jira for fitness,jira_sync_agent
Pull Jira status for ongoing tasks,Syncing status with Jira for education,jira_sync_agent
Push updates from local board to Jira,Syncing status with Jira for eCommerce,jira_sync_agent
Sync current task board with Jira,Syncing status with Jira for eCommerce,jira_sync_agent
Pull Jira status for ongoing tasks,Syncing status with Jira for education,jira_sync_agent
Pull Jira status for ongoing tasks,Syncing status with Jira for music,jira_sync_agent
Sync current task board with Jira,Syncing status with Jira for logistics,jira_sync_agent
Push updates from local board to Jira,Syncing status with Jira for eCommerce,jira_sync_agent
Sync current task board with Jira,Syncing status with Jira for retail,jira_sync_agent
Push updates from local board to Jira,Syncing status with Jira for eCommerce,jira_sync_agent
Pull Jira status for ongoing tasks,Syncing status with Jira for travel,jira_sync_agent
Sync current task board with Jira,Syncing status with Jira for education,jira_sync_agent
Sync current task board with Jira,Syncing status with Jira for healthcare,jira_sync_agent
Push updates from local board to Jira,Syncing status with Jira for music,jira_sync_agent
Sync current task board with Jira,Syncing status with Jira for retail,jira_sync_agent
Sync current task board with Jira,Syncing status with Jira for fitness,jira_sync_agent
Sync current task board with Jira,Syncing status with Jira for logistics,jira_sync_agent
Sync current task board with Jira,Syncing status with Jira for retail,jira_sync_agent
Pull Jira status for ongoing tasks,Syncing status with Jira for music,jira_sync_agent
Push updates from local board to Jira,Syncing status with Jira for travel,jira_sync_agent
Pull Jira status for ongoing tasks,Syncing status with Jira for healthcare,jira_sync_agent
Push updates from local board to Jira,Syncing status with Jira for music,jira_sync_agent
Push updates from local board to Jira,Syncing status with Jira for eCommerce,jira_sync_agent
Push updates from local board to Jira,Syncing status with Jira for healthcare,jira_sync_agent
Push updates from local board to Jira,Syncing status with Jira for finance,jira_sync_agent
Push updates from local board to Jira,Syncing status with Jira for music,jira_sync_agent
Push updates from local board to Jira,Syncing status with Jira for music,jira_sync_agent
Push updates from local board to Jira,Syncing status with Jira for finance,jira_sync_agent
Pull Jira status for ongoing tasks,Syncing status with Jira for AI,jira_sync_agent
Push updates from local board to Jira,Syncing status with Jira for retail,jira_sync_agent
Pull Jira status for ongoing tasks,Syncing status with Jira for retail,jira_sync_agent
Sync current task board with Jira,Syncing status with Jira for travel,jira_sync_agent
Sync current task board with Jira,Syncing status with Jira for eCommerce,jira_sync_agent
Push updates from local board to Jira,Syncing status with Jira for fitness,jira_sync_agent
Sync current task board with Jira,Syncing status with Jira for healthcare,jira_sync_agent
Push updates from local board to Jira,Syncing status with Jira for finance,jira_sync_agent
Pull Jira status for ongoing tasks,Syncing status with Jira for eCommerce,jira_sync_agent
Pull Jira status for ongoing tasks,Syncing status with Jira for finance,jira_sync_agent
Pull Jira status for ongoing tasks,Syncing status with Jira for travel,jira_sync_agent
Pull Jira status for ongoing tasks,Syncing status with Jira for music,jira_sync_agent
Turn recorded notes into tasks,"Meeting notes: discussed UI polish, test plan, and deadlines",meeting_note_parser
Extract tasks from fitness meeting notes,"Meeting notes: discussed UI polish, test plan, and deadlines",meeting_note_parser
Convert team meeting into Jira tickets,"Meeting notes: discussed UI polish, test plan, and deadlines",meeting_note_parser
Extract tasks from AI meeting notes,"Meeting notes: discussed UI polish, test plan, and deadlines",meeting_note_parser
Turn recorded notes into tasks,"Meeting notes: discussed UI polish, test plan, and deadlines",meeting_note_parser
Convert team meeting into Jira tickets,"Meeting notes: discussed UI polish, test plan, and deadlines",meeting_note_parser
Turn recorded notes into tasks,"Meeting notes: discussed UI polish, test plan, and deadlines",meeting_note_parser
Convert team meeting into Jira tickets,"Meeting notes: discussed UI polish, test plan, and deadlines",meeting_note_parser
Turn recorded notes into tasks,"Meeting notes: discussed UI polish, test plan, and deadlines",meeting_note_parser
Extract tasks from eCommerce meeting notes,"Meeting notes: discussed UI polish, test plan, and deadlines",meeting_note_parser
Extract tasks from healthcare meeting notes,"Meeting notes: discussed UI polish, test plan, and deadlines",meeting_note_parser
Convert team meeting into Jira tickets,"Meeting notes: discussed UI polish, test plan, and deadlines",meeting_note_parser
Turn recorded notes into tasks,"Meeting notes: discussed UI polish, test plan, and deadlines",meeting_note_parser
Convert team meeting into Jira tickets,"Meeting notes: discussed UI polish, test plan, and deadlines",meeting_note_parser
Convert team meeting into Jira tickets,"Meeting notes: discussed UI polish, test plan, and deadlines",meeting_note_parser
Turn recorded notes into tasks,"Meeting notes: discussed UI polish, test plan, and deadlines",meeting_note_parser
Extract tasks from fitness meeting notes,"Meeting notes: discussed UI polish, test plan, and deadlines",meeting_note_parser
Extract tasks from education meeting notes,"Meeting notes: discussed UI polish, test plan, and deadlines",meeting_note_parser
Turn recorded notes into tasks,"Meeting notes: discussed UI polish, test plan, and deadlines",meeting_note_parser
Turn recorded notes into tasks,"Meeting notes: discussed UI polish, test plan, and deadlines",meeting_note_parser
Extract tasks from AI meeting notes,"Meeting notes: discussed UI polish, test plan, and deadlines",meeting_note_parser
Turn recorded notes into tasks,"Meeting notes: discussed UI polish, test plan, and deadlines",meeting_note_parser
Turn recorded notes into tasks,"Meeting notes: discussed UI polish, test plan, and deadlines",meeting_note_parser
Turn recorded notes into tasks,"Meeting notes: discussed UI polish, test plan, and deadlines",meeting_note_parser
Extract tasks from logistics meeting notes,"Meeting notes: discussed UI polish, test plan, and deadlines",meeting_note_parser
Extract tasks from finance meeting notes,"Meeting notes: discussed UI polish, test plan, and deadlines",meeting_note_parser
Convert team meeting into Jira tickets,"Meeting notes: discussed UI polish, test plan, and deadlines",meeting_note_parser
Extract tasks from travel meeting notes,"Meeting notes: discussed UI polish, test plan, and deadlines",meeting_note_parser
Extract tasks from retail meeting notes,"Meeting notes: discussed UI polish, test plan, and deadlines",meeting_note_parser
Turn recorded notes into tasks,"Meeting notes: discussed UI polish, test plan, and deadlines",meeting_note_parser
Extract tasks from education meeting notes,"Meeting notes: discussed UI polish, test plan, and deadlines",meeting_note_parser
Extract tasks from AI meeting notes,"Meeting notes: discussed UI polish, test plan, and deadlines",meeting_note_parser
Extract tasks from AI meeting notes,"Meeting notes: discussed UI polish, test plan, and deadlines",meeting_note_parser
Turn recorded notes into tasks,"Meeting notes: discussed UI polish, test plan, and deadlines",meeting_note_parser
Convert team meeting into Jira tickets,"Meeting notes: discussed UI polish, test plan, and deadlines",meeting_note_parser
Convert team meeting into Jira tickets,"Meeting notes: discussed UI polish, test plan, and deadlines",meeting_note_parser
Extract tasks from eCommerce meeting notes,"Meeting notes: discussed UI polish, test plan, and deadlines",meeting_note_parser
Turn recorded notes into tasks,"Meeting notes: discussed UI polish, test plan, and deadlines",meeting_note_parser
Extract tasks from logistics meeting notes,"Meeting notes: discussed UI polish, test plan, and deadlines",meeting_note_parser
Extract tasks from eCommerce meeting notes,"Meeting notes: discussed UI polish, test plan, and deadlines",meeting_note_parser
Extract tasks from music meeting notes,"Meeting notes: discussed UI polish, test plan, and deadlines",meeting_note_parser
Turn recorded notes into tasks,"Meeting notes: discussed UI polish, test plan, and deadlines",meeting_note_parser
Convert team meeting into Jira tickets,"Meeting notes: discussed UI polish, test plan, and deadlines",meeting_note_parser
Extract tasks from education meeting notes,"Meeting notes: discussed UI polish, test plan, and deadlines",meeting_note_parser
Extract tasks from logistics meeting notes,"Meeting notes: discussed UI polish, test plan, and deadlines",meeting_note_parser
Turn recorded notes into tasks,"Meeting notes: discussed UI polish, test plan, and deadlines",meeting_note_parser
Convert team meeting into Jira tickets,"Meeting notes: discussed UI polish, test plan, and deadlines",meeting_note_parser
Turn recorded notes into tasks,"Meeting notes: discussed UI polish, test plan, and deadlines",meeting_note_parser
Extract tasks from eCommerce meeting notes,"Meeting notes: discussed UI polish, test plan, and deadlines",meeting_note_parser
Convert team meeting into Jira tickets,"Meeting notes: discussed UI polish, test plan, and deadlines",meeting_note_parser
Turn recorded notes into tasks,"Meeting notes: discussed UI polish, test plan, and deadlines",meeting_note_parser
Convert team meeting into Jira tickets,"Meeting notes: discussed UI polish, test plan, and deadlines",meeting_note_parser
Extract tasks from music meeting notes,"Meeting notes: discussed UI polish, test plan, and deadlines",meeting_note_parser
Turn recorded notes into tasks,"Meeting notes: discussed UI polish, test plan, and deadlines",meeting_note_parser
Turn recorded notes into tasks,"Meeting notes: discussed UI polish, test plan, and deadlines",meeting_note_parser
Turn recorded notes into tasks,"Meeting notes: discussed UI polish, test plan, and deadlines",meeting_note_parser
Extract tasks from retail meeting notes,"Meeting notes: discussed UI polish, test plan, and deadlines",meeting_note_parser
Turn recorded notes into tasks,"Meeting notes: discussed UI polish, test plan, and deadlines",meeting_note_parser
Extract tasks from logistics meeting notes,"Meeting notes: discussed UI polish, test plan, and deadlines",meeting_note_parser
Convert team meeting into Jira tickets,"Meeting notes: discussed UI polish, test plan, and deadlines",meeting_note_parser
Convert team meeting into Jira tickets,"Meeting notes: discussed UI polish, test plan, and deadlines",meeting_note_parser
Extract tasks from healthcare meeting notes,"Meeting notes: discussed UI polish, test plan, and deadlines",meeting_note_parser
Extract tasks from education meeting notes,"Meeting notes: discussed UI polish, test plan, and deadlines",meeting_note_parser
Turn recorded notes into tasks,"Meeting notes: discussed UI polish, test plan, and deadlines",meeting_note_parser
Extract tasks from travel meeting notes,"Meeting notes: discussed UI polish, test plan, and deadlines",meeting_note_parser
Turn recorded notes into tasks,"Meeting notes: discussed UI polish, test plan, and deadlines",meeting_note_parser
Turn recorded notes into tasks,"Meeting notes: discussed UI polish, test plan, and deadlines",meeting_note_parser
Turn recorded notes into tasks,"Meeting notes: discussed UI polish, test plan, and deadlines",meeting_note_parser
Turn recorded notes into tasks,"Meeting notes: discussed UI polish, test plan, and deadlines",meeting_note_parser
Turn recorded notes into tasks,"Meeting notes: discussed UI polish, test plan, and deadlines",meeting_note_parser
Turn recorded notes into tasks,"Meeting notes: discussed UI polish, test plan, and deadlines",meeting_note_parser
Convert team meeting into Jira tickets,"Meeting notes: discussed UI polish, test plan, and deadlines",meeting_note_parser
Extract tasks from music meeting notes,"Meeting notes: discussed UI polish, test plan, and deadlines",meeting_note_parser
Extract tasks from travel meeting notes,"Meeting notes: discussed UI polish, test plan, and deadlines",meeting_note_parser
Convert team meeting into Jira tickets,"Meeting notes: discussed UI polish, test plan, and deadlines",meeting_note_parser
Convert team meeting into Jira tickets,"Meeting notes: discussed UI polish, test plan, and deadlines",meeting_note_parser
Convert team meeting into Jira tickets,"Meeting notes: discussed UI polish, test plan, and deadlines",meeting_note_parser
Extract tasks from eCommerce meeting notes,"Meeting notes: discussed UI polish, test plan, and deadlines",meeting_note_parser
Turn recorded notes into tasks,"Meeting notes: discussed UI polish, test plan, and deadlines",meeting_note_parser
Convert team meeting into Jira tickets,"Meeting notes: discussed UI polish, test plan, and deadlines",meeting_note_parser
Convert team meeting into Jira tickets,"Meeting notes: discussed UI polish, test plan, and deadlines",meeting_note_parser
Extract tasks from music meeting notes,"Meeting notes: discussed UI polish, test plan, and deadlines",meeting_note_parser
Turn recorded notes into tasks,"Meeting notes: discussed UI polish, test plan, and deadlines",meeting_note_parser
Turn recorded notes into tasks,"Meeting notes: discussed UI polish, test plan, and deadlines",meeting_note_parser
Extract tasks from healthcare meeting notes,"Meeting notes: discussed UI polish, test plan, and deadlines",meeting_note_parser
Convert team meeting into Jira tickets,"Meeting notes: discussed UI polish, test plan, and deadlines",meeting_note_parser
Convert team meeting into Jira tickets,"Meeting notes: discussed UI polish, test plan, and deadlines",meeting_note_parser
Convert team meeting into Jira tickets,"Meeting notes: discussed UI polish, test plan, and deadlines",meeting_note_parser
Extract tasks from music meeting notes,"Meeting notes: discussed UI polish, test plan, and deadlines",meeting_note_parser
Convert team meeting into Jira tickets,"Meeting notes: discussed UI polish, test plan, and deadlines",meeting_note_parser
Extract tasks from music meeting notes,"Meeting notes: discussed UI polish, test plan, and deadlines",meeting_note_parser
Extract tasks from AI meeting notes,"Meeting notes: discussed UI polish, test plan, and deadlines",meeting_note_parser
Turn recorded notes into tasks,"Meeting notes: discussed UI polish, test plan, and deadlines",meeting_note_parser
Extract tasks from eCommerce meeting notes,"Meeting notes: discussed UI polish, test plan, and deadlines",meeting_note_parser
Convert team meeting into Jira tickets,"Meeting notes: discussed UI polish, test plan, and deadlines",meeting_note_parser
Turn recorded notes into tasks,"Meeting notes: discussed UI polish, test plan, and deadlines",meeting_note_parser
Extract tasks from finance meeting notes,"Meeting notes: discussed UI polish, test plan, and deadlines",meeting_note_parser
Convert team meeting into Jira tickets,"Meeting notes: discussed UI polish, test plan, and deadlines",meeting_note_parser
Extract tasks from logistics meeting notes,"Meeting notes: discussed UI polish, test plan, and deadlines",meeting_note_parser
Convert team meeting into Jira tickets,"Meeting notes: discussed UI polish, test plan, and deadlines",meeting_note_parser
Update timeline based on completed work,Completed: 8 of 12 tasks in Sprint 16,roadmap_updater
Reflect release progress on roadmap,Completed: 8 of 12 tasks in Sprint 12,roadmap_updater
Update timeline based on completed work,Completed: 8 of 12 tasks in Sprint 27,roadmap_updater
Reflect release progress on roadmap,Completed: 8 of 12 tasks in Sprint 22,roadmap_updater
Update timeline based on completed work,Completed: 8 of 12 tasks in Sprint 16,roadmap_updater
Reflect release progress on roadmap,Completed: 8 of 12 tasks in Sprint 30,roadmap_updater
Reflect release progress on roadmap,Completed: 8 of 12 tasks in Sprint 28,roadmap_updater
Update roadmap after Sprint 29,Completed: 8 of 12 tasks in Sprint 29,roadmap_updater
Update timeline based on completed work,Completed: 8 of 12 tasks in Sprint 11,roadmap_updater
Update timeline based on completed work,Completed: 8 of 12 tasks in Sprint 22,roadmap_updater
Update timeline based on completed work,Completed: 8 of 12 tasks in Sprint 27,roadmap_updater
Reflect release progress on roadmap,Completed: 8 of 12 tasks in Sprint 18,roadmap_updater
Update roadmap after Sprint 30,Completed: 8 of 12 tasks in Sprint 30,roadmap_updater
Update timeline based on completed work,Completed: 8 of 12 tasks in Sprint 25,roadmap_updater
Update roadmap after Sprint 14,Completed: 8 of 12 tasks in Sprint 14,roadmap_updater
Reflect release progress on roadmap,Completed: 8 of 12 tasks in Sprint 18,roadmap_updater
Reflect release progress on roadmap,Completed: 8 of 12 tasks in Sprint 28,roadmap_updater
Update timeline based on completed work,Completed: 8 of 12 tasks in Sprint 28,roadmap_updater
Update roadmap after Sprint 17,Completed: 8 of 12 tasks in Sprint 17,roadmap_updater
Reflect release progress on roadmap,Completed: 8 of 12 tasks in Sprint 17,roadmap_updater
Update timeline based on completed work,Completed: 8 of 12 tasks in Sprint 25,roadmap_updater
Update timeline based on completed work,Completed: 8 of 12 tasks in Sprint 25,roadmap_updater
Reflect release progress on roadmap,Completed: 8 of 12 tasks in Sprint 24,roadmap_updater
Update roadmap after Sprint 20,Completed: 8 of 12 tasks in Sprint 20,roadmap_updater
Reflect release progress on roadmap,Completed: 8 of 12 tasks in Sprint 25,roadmap_updater
Update roadmap after Sprint 22,Completed: 8 of 12 tasks in Sprint 22,roadmap_updater
Update roadmap after Sprint 15,Completed: 8 of 12 tasks in Sprint 15,roadmap_updater
Reflect release progress on roadmap,Completed: 8 of 12 tasks in Sprint 14,roadmap_updater
Reflect release progress on roadmap,Completed: 8 of 12 tasks in Sprint 14,roadmap_updater
Reflect release progress on roadmap,Completed: 8 of 12 tasks in Sprint 14,roadmap_updater
Update timeline based on completed work,Completed: 8 of 12 tasks in Sprint 17,roadmap_updater
Update roadmap after Sprint 18,Completed: 8 of 12 tasks in Sprint 18,roadmap_updater
Reflect release progress on roadmap,Completed: 8 of 12 tasks in Sprint 11,roadmap_updater
Reflect release progress on roadmap,Completed: 8 of 12 tasks in Sprint 12,roadmap_updater
Reflect release progress on roadmap,Completed: 8 of 12 tasks in Sprint 29,roadmap_updater
Update timeline based on completed work,Completed: 8 of 12 tasks in Sprint 12,roadmap_updater
Reflect release progress on roadmap,Completed: 8 of 12 tasks in Sprint 23,roadmap_updater
Update roadmap after Sprint 22,Completed: 8 of 12 tasks in Sprint 22,roadmap_updater
Update timeline based on completed work,Completed: 8 of 12 tasks in Sprint 30,roadmap_updater
Update timeline based on completed work,Completed: 8 of 12 tasks in Sprint 22,roadmap_updater
Update roadmap after Sprint 14,Completed: 8 of 12 tasks in Sprint 14,roadmap_updater
Update timeline based on completed work,Completed: 8 of 12 tasks in Sprint 12,roadmap_updater
Update timeline based on completed work,Completed: 8 of 12 tasks in Sprint 28,roadmap_updater
Reflect release progress on roadmap,Completed: 8 of 12 tasks in Sprint 22,roadmap_updater
Reflect release progress on roadmap,Completed: 8 of 12 tasks in Sprint 27,roadmap_updater
Reflect release progress on roadmap,Completed: 8 of 12 tasks in Sprint 13,roadmap_updater
Update timeline based on completed work,Completed: 8 of 12 tasks in Sprint 18,roadmap_updater
Update roadmap after Sprint 14,Completed: 8 of 12 tasks in Sprint 14,roadmap_updater
Update timeline based on completed work,Completed: 8 of 12 tasks in Sprint 11,roadmap_updater
Update timeline based on completed work,Completed: 8 of 12 tasks in Sprint 24,roadmap_updater
Update roadmap after Sprint 11,Completed: 8 of 12 tasks in Sprint 11,roadmap_updater
Reflect release progress on roadmap,Completed: 8 of 12 tasks in Sprint 25,roadmap_updater
Update timeline based on completed work,Completed: 8 of 12 tasks in Sprint 23,roadmap_updater
Update timeline based on completed work,Completed: 8 of 12 tasks in Sprint 17,roadmap_updater
Reflect release progress on roadmap,Completed: 8 of 12 tasks in Sprint 22,roadmap_updater
Reflect release progress on roadmap,Completed: 8 of 12 tasks in Sprint 23,roadmap_updater
Update timeline based on completed work,Completed: 8 of 12 tasks in Sprint 13,roadmap_updater
Reflect release progress on roadmap,Completed: 8 of 12 tasks in Sprint 13,roadmap_updater
Update timeline based on completed work,Completed: 8 of 12 tasks in Sprint 30,roadmap_updater
Update timeline based on completed work,Completed: 8 of 12 tasks in Sprint 23,roadmap_updater
Update roadmap after Sprint 21,Completed: 8 of 12 tasks in Sprint 21,roadmap_updater
Update roadmap after Sprint 30,Completed: 8 of 12 tasks in Sprint 30,roadmap_updater
Update roadmap after Sprint 14,Completed: 8 of 12 tasks in Sprint 14,roadmap_updater
Reflect release progress on roadmap,Completed: 8 of 12 tasks in Sprint 19,roadmap_updater
Reflect release progress on roadmap,Completed: 8 of 12 tasks in Sprint 18,roadmap_updater
Update timeline based on completed work,Completed: 8 of 12 tasks in Sprint 16,roadmap_updater
Update timeline based on completed work,Completed: 8 of 12 tasks in Sprint 11,roadmap_updater
Reflect release progress on roadmap,Completed: 8 of 12 tasks in Sprint 16,roadmap_updater
Update roadmap after Sprint 23,Completed: 8 of 12 tasks in Sprint 23,roadmap_updater
Update timeline based on completed work,Completed: 8 of 12 tasks in Sprint 19,roadmap_updater
Reflect release progress on roadmap,Completed: 8 of 12 tasks in Sprint 30,roadmap_updater
Reflect release progress on roadmap,Completed: 8 of 12 tasks in Sprint 19,roadmap_updater
Update roadmap after Sprint 23,Completed: 8 of 12 tasks in Sprint 23,roadmap_updater
Update roadmap after Sprint 19,Completed: 8 of 12 tasks in Sprint 19,roadmap_updater
Update roadmap after Sprint 29,Completed: 8 of 12 tasks in Sprint 29,roadmap_updater
Update timeline based on completed work,Completed: 8 of 12 tasks in Sprint 23,roadmap_updater
Reflect release progress on roadmap,Completed: 8 of 12 tasks in Sprint 12,roadmap_updater
Reflect release progress on roadmap,Completed: 8 of 12 tasks in Sprint 26,roadmap_updater
Update timeline based on completed work,Completed: 8 of 12 tasks in Sprint 26,roadmap_updater
Update timeline based on completed work,Completed: 8 of 12 tasks in Sprint 22,roadmap_updater
Update roadmap after Sprint 23,Completed: 8 of 12 tasks in Sprint 23,roadmap_updater
Update timeline based on completed work,Completed: 8 of 12 tasks in Sprint 11,roadmap_updater
Update timeline based on completed work,Completed: 8 of 12 tasks in Sprint 23,roadmap_updater
Update roadmap after Sprint 10,Completed: 8 of 12 tasks in Sprint 10,roadmap_updater
Update timeline based on completed work,Completed: 8 of 12 tasks in Sprint 16,roadmap_updater
Reflect release progress on roadmap,Completed: 8 of 12 tasks in Sprint 21,roadmap_updater
Update roadmap after Sprint 16,Completed: 8 of 12 tasks in Sprint 16,roadmap_updater
Update timeline based on completed work,Completed: 8 of 12 tasks in Sprint 10,roadmap_updater
Reflect release progress on roadmap,Completed: 8 of 12 tasks in Sprint 18,roadmap_updater
Reflect release progress on roadmap,Completed: 8 of 12 tasks in Sprint 28,roadmap_updater
Update timeline based on completed work,Completed: 8 of 12 tasks in Sprint 12,roadmap_updater
Update roadmap after Sprint 19,Completed: 8 of 12 tasks in Sprint 19,roadmap_updater
Reflect release progress on roadmap,Completed: 8 of 12 tasks in Sprint 16,roadmap_updater
Update roadmap after Sprint 24,Completed: 8 of 12 tasks in Sprint 24,roadmap_updater
Update timeline based on completed work,Completed: 8 of 12 tasks in Sprint 27,roadmap_updater
Update timeline based on completed work,Completed: 8 of 12 tasks in Sprint 14,roadmap_updater
Update roadmap after Sprint 23,Completed: 8 of 12 tasks in Sprint 23,roadmap_updater
Update timeline based on completed work,Completed: 8 of 12 tasks in Sprint 23,roadmap_updater
Reflect release progress on roadmap,Completed: 8 of 12 tasks in Sprint 26,roadmap_updater
Update timeline based on completed work,Completed: 8 of 12 tasks in Sprint 20,roadmap_updater
